name,values
Epochen,21.0
Loss,0.030599912628531456
Validation Loss,0.18467020988464355
